id	query	expected_cuis	why	disallowed_cuis
paragraph_01	Patient with heart failure with reduced ejection fraction reported worsening orthopnea and leg edema after missing several doses of furosemide. Exam showed bibasilar crackles, and echocardiogram demonstrated reduced ejection fraction.	C0018801|C3839346|NEW3560835	Heart failure/HFrEF paragraph should retrieve core heart failure concepts and local bibasilar crackles.
paragraph_02	Computed tomography angiography showed acute pulmonary embolism with right heart strain. The patient was started on apixaban after venous duplex ultrasound confirmed acute deep vein thrombosis.	C0034065|C2882221|NEW3009171|C0149871	PE paragraph includes PE, acute PE, right heart strain, and DVT as valid central concepts.
paragraph_03	A patient with poorly controlled type 2 diabetes mellitus presented with foot ulcer drainage and exposed bone. Foot MRI was concerning for diabetic foot osteomyelitis, and bone biopsy was planned before narrowing antibiotics.	NEW1692186|NEW1037705|NEW8007735|C1456868	Diabetic foot paragraph should retrieve local poorly controlled T2DM, diabetic foot osteomyelitis, exposed bone, and ulcer concepts.
paragraph_04	Electroencephalogram captured epileptiform discharges during evaluation for generalized tonic clonic seizure. Levetiracetam was started, and seizure precautions were continued because of persistent postictal confusion.	NEW6052703|C0494475|C0751053	Seizure paragraph should retrieve tonic-clonic seizure, postictal confusion, and local epileptiform discharges.
paragraph_05	The patient had heat intolerance, fine tremor, and a suppressed TSH with elevated free thyroxine. Endocrinology recommended methimazole and thyroid uptake scan for suspected thyrotoxicosis.	C0040156|NEW0984835|C0312452|C0025644	Thyrotoxicosis paragraph contains disease, lab finding, hormone result, and treatment concepts.
paragraph_06	A patient with plaque psoriasis had erythematous plaques on extensor surfaces with silvery scale. Joint pain raised concern for psoriatic arthritis, although no joint erosion was seen on the initial radiograph.	C0406317|C0003872|NEW4386596|NEW9797321	Psoriasis paragraph should retrieve psoriasis, psoriatic arthritis, and local scale/erosion concepts.
paragraph_07	Coronary angiography demonstrated critical coronary stenosis after non ST elevation myocardial infarction. Heparin infusion was continued until percutaneous coronary intervention, and the team monitored for recurrent ischemia.	C4255010|C0085532|C1532338|NEW8955984	NSTEMI paragraph should prefer NSTEMI over STEMI and retrieve coronary angiography, PCI, and recurrent ischemia.
paragraph_08	The patient denied pleuritic chest pain, but computed tomography angiography later showed segmental pulmonary embolus. There was no evidence of right heart strain on echocardiogram.	C1536105|C0034065	Denied-symptom paragraph should retrieve CTA/PE while demoting denied right heart strain; wording does not require acute PE.
paragraph_09	Researchers used hemoglobin A1c and medication exposure to identify poorly controlled type 2 diabetes mellitus in electronic health records. Elevated albumin creatinine ratio was associated with progressive renal disease during follow up.	NEW1692186|C0019018|C0486293|C0022658	Research paragraph should retrieve local poorly controlled T2DM plus A1c, albumin/creatinine ratio, and renal disease.
paragraph_10	A procedure note documented ultrasound guided venous access for central venous catheter placement. The right internal jugular central line was placed using sterile technique, and the team monitored for line associated infection.	C1145640|C0398275|C0501117	Procedure paragraph should retrieve central venous catheter/device, insertion, and right internal jugular vein concepts.
paragraph_11	Brain MRI showed acute infarct in the right MCA territory after sudden left sided weakness and facial droop. Aspirin and statin were started, but persistent neurologic deficit remained at discharge.	C0521654|C0333548|NEW8060753|C0427055	Stroke paragraph should retrieve neurologic deficit, acute infarct, persistent neurologic deficit, and facial paresis/weakness concepts.
paragraph_12	The cohort study compared patients receiving vancomycin for diabetic foot osteomyelitis with patients treated for soft tissue infection alone. Exposed bone and positive bone biopsy were associated with higher amputation risk.	NEW1037705|NEW8007735|C0149778|C0005933	Cohort paragraph should retrieve diabetic foot osteomyelitis, exposed bone, soft tissue infection, and bone biopsy concepts.
paragraph_13	Emergency department evaluation showed fever, dysuria, and flank pain. Urinalysis had nitrites and pyuria, urine culture grew Escherichia coli, and ceftriaxone was given for acute pyelonephritis.	C0520575|C2098283|C0430404|C0014834|C0007561|C0013428	Urinary infection paragraph should retrieve acute pyelonephritis, urine culture/E. coli result, urine culture, Escherichia coli, ceftriaxone, and dysuria.
paragraph_14	Postoperative patient developed hypoxia with bibasilar infiltrates on chest radiograph. Sputum culture and elevated procalcitonin supported bacterial pneumonia, and oxygen therapy plus ceftriaxone were started.	C0004626|C0523174|C1535922|C0007561|C0242184	Pneumonia paragraph should retrieve bacterial pneumonia, sputum culture, procalcitonin measurement, ceftriaxone, and hypoxia.
paragraph_15	The oncology note described invasive ductal breast carcinoma with estrogen receptor positive disease. She received lumpectomy followed by adjuvant radiation therapy and tamoxifen.	C0678222|C1412014|C0279754|C1522449|C0039286|C0851238	Breast oncology paragraph should retrieve carcinoma, invasive ductal carcinoma, estrogen receptor positivity, radiation therapy, tamoxifen, and lumpectomy.
paragraph_16	Rheumatology evaluated morning stiffness and symmetric MCP swelling. Positive rheumatoid factor and anti cyclic citrullinated peptide antibodies supported rheumatoid arthritis, and methotrexate was started.	C0003873|C0035448|C1525410|C0025677	Rheumatology paragraph should retrieve rheumatoid arthritis, rheumatoid factor, anti-CCP antibody, and methotrexate.
paragraph_17	He presented with hematemesis and melena after heavy NSAID use. Endoscopy found a bleeding gastric ulcer, and pantoprazole infusion was started before transfusion.	C0038358|C0018926|C0025222|C0079304|C0081876|C0086252	GI bleeding paragraph should retrieve gastric ulcer, hematemesis, melena, endoscopy, pantoprazole, and transfusion concepts.
paragraph_18	After total knee arthroplasty, calf swelling and elevated D-dimer prompted venous duplex ultrasound. Acute deep vein thrombosis was treated with apixaban, and pulmonary embolism symptoms were reviewed.	C0149871|NEW4840890|C0034065|C0742969|C0086511|C0242845	Postoperative VTE paragraph should retrieve DVT, acute DVT, PE, elevated D-dimer, knee arthroplasty, and venous duplex ultrasound.	C0030768|C0206488|C1709941|C3846076|C0541653|C0206176|C0730229|C5418818
paragraph_19	An ICU patient with septic shock required norepinephrine, broad spectrum antibiotics, and lactate monitoring. Blood cultures later grew methicillin resistant Staphylococcus aureus.	C0036983|C0028351|C0003232|C0200949|C1265292|C0202115	Septic shock paragraph should retrieve shock, norepinephrine, antibiotics, blood culture, MRSA, and lactate.
paragraph_20	A child with wheezing and increased work of breathing had asthma exacerbation triggered by rhinovirus. Albuterol nebulizers, systemic corticosteroids, and pulse oximetry monitoring were ordered.	C0349790|C0004096|C0043144|C0035473|C0001927|C0034108|C0001617	Asthma paragraph should retrieve asthma exacerbation, asthma, wheezing, rhinovirus, albuterol, pulse oximetry, and corticosteroids.
paragraph_21	After intravenous contrast exposure, creatinine increased from baseline and urine output declined. Nephrology diagnosed acute kidney injury, reviewed urinalysis with granular casts, and recommended isotonic fluids while holding lisinopril.	C2609414|C0042014|C4072741|C0232856|C0151578|C0065374	Contrast-associated kidney paragraph should retrieve AKI, urinalysis, IV contrast, urine output, creatinine increase, and lisinopril.	C0030768|C0206488|C1709941|C3846076|C0541653|C0206176|C0730229|C5418818
paragraph_22	Electrocardiogram showed ST elevation in the inferior leads with elevated troponin. Emergent coronary angiography found right coronary artery occlusion, and percutaneous coronary intervention with stent placement was performed.	C0085532|C1532338|C6066600|C0520886|C1290385|C2348535	Acute coronary paragraph should retrieve coronary angiography, PCI, elevated troponin, ST elevation, right coronary occlusion, and stenting.
paragraph_23	A pregnant patient at 34 weeks developed severe hypertension, headache, and proteinuria. Obstetrics diagnosed preeclampsia with severe features and started magnesium sulfate before induction of labor.	C0032914|C0024480|C0259787|C4013784|C0033687|C0018681	Preeclampsia paragraph should retrieve preeclampsia, magnesium sulfate, labor induction, severe hypertension, proteinuria, and headache.
paragraph_24	The patient had microcytic anemia with low ferritin and positive fecal occult blood testing. Colonoscopy found a bleeding colon mass, and packed red blood cell transfusion was ordered.	C5194182|C0201811|C0199962|C0860972|C0009378|C0009375	GI blood-loss anemia paragraph should retrieve microcytic anemia, fecal occult blood testing, packed RBC transfusion, low ferritin, colonoscopy, and colon neoplasm/mass.
paragraph_25	A patient with chronic hepatitis C had elevated transaminases and thrombocytopenia. Liver ultrasound showed cirrhosis with ascites, and hepatology started spironolactone for volume management.	C0524910|C0023890|C0438717|C0003962|C0412534|C0037982|C0040034	Hepatology paragraph should retrieve chronic hepatitis C, cirrhosis, elevated transaminases, ascites, liver ultrasound, spironolactone, and thrombocytopenia.
paragraph_26	Blood glucose was 38 mg/dL after excess insulin use, and the patient was diaphoretic and confused. Dextrose was given for severe hypoglycemia, and continuous glucose monitoring was reviewed.	C0392201|C4523945|C4728082|C0021641|C0017725|C0683369	Hypoglycemia paragraph should retrieve blood glucose measurement, continuous glucose monitoring, severe hypoglycemia, insulin, dextrose/glucose, and confusion.	C0030768|C0206488|C1709941|C3846076|C0541653|C0206176|C0730229|C5418818
paragraph_27	A patient with fever, neck stiffness, and photophobia underwent lumbar puncture. Cerebrospinal fluid showed neutrophilic pleocytosis and low glucose, so ceftriaxone and vancomycin were started for bacterial meningitis.	C0085437|C0151315|C0037943|C0151857|C0860801|C0015967|C0085636|C0007561|C0042313	Meningitis paragraph should retrieve bacterial meningitis, neck stiffness, lumbar puncture, pleocytosis, low glucose, fever, photophobia, ceftriaxone, and vancomycin.
paragraph_28	The oncology trial enrolled patients with EGFR mutated non small cell lung cancer. Osimertinib improved progression free survival compared with platinum chemotherapy in participants with brain metastases.	C0007131|C1414313|C4058811|C0242792|C0032207|C0220650	Oncology trial paragraph should retrieve NSCLC, EGFR gene, osimertinib, progression-free survival, platinum, and brain metastases.
paragraph_29	A patient with obstructive sleep apnea reported daytime somnolence and loud snoring. Polysomnography showed an elevated apnea hypopnea index, and continuous positive airway pressure was prescribed.	C0520679|C0199451|C2111846|C2219850|C2219848|C0162701	Sleep medicine paragraph should retrieve OSA, CPAP, apnea-hypopnea index, loud snoring, daytime somnolence, and polysomnography.
paragraph_30	The patient developed urinary retention after spinal anesthesia. Bladder scan showed 800 mL post void residual, and a Foley catheter was inserted before starting tamsulosin.	C5700171|C0002928|C0179804|C1096192|C0257343|C0429774	Urology paragraph should retrieve urinary retention, spinal anesthesia, Foley catheter, bladder scan, tamsulosin, and residual urine volume.
paragraph_31	A child with fever and barking cough had inspiratory stridor on exam. Neck radiograph suggested croup, and dexamethasone plus nebulized epinephrine were administered.	C4049282|C0234866|C0677600|C0011777|C0205758|C1306645|C0015967	Pediatric croup paragraph should retrieve croup, barking cough, inspiratory stridor, dexamethasone, epinephrine/racepinephrine, radiograph, and fever.
paragraph_32	The transplant recipient developed rising creatinine and decreased tacrolimus trough levels after missed doses. Kidney biopsy showed acute cellular rejection, and high dose methylprednisolone was started.	C0877453|C1407119|C5149388|C0194073|C0025815|C0201975|C0085149	Transplant paragraph should retrieve acute cellular rejection, transplant recipient/present, tacrolimus trough, kidney biopsy, methylprednisolone, creatinine measurement, and tacrolimus.
paragraph_33	A patient with chronic obstructive pulmonary disease had worsening dyspnea and wheezing after a viral illness. Spirometry history confirmed obstruction, oxygen saturation measurement was low, and prednisone plus azithromycin were prescribed for COPD exacerbation.	C0024117|C0740304|C0013404|C0037981|C0523807|C0032952|C0052796	COPD paragraph should retrieve COPD, COPD exacerbation, dyspnea, spirometry, oxygen saturation measurement, prednisone, and azithromycin.
paragraph_34	The patient had atrial fibrillation with rapid ventricular response. Metoprolol was given for rate control, warfarin was adjusted after an elevated INR, echocardiography was ordered, and cardioversion was discussed.	C0004238|C0025859|C0043031|C0525032|C0013516|C0013778	Atrial fibrillation paragraph should retrieve atrial fibrillation, metoprolol, warfarin, INR, echocardiography, and cardioversion.
paragraph_35	A patient with recurrent migraine reported photophobia, nausea, and unilateral headache. Computed tomography of head was negative, and sumatriptan relieved the acute attack.	C0149931|C0085636|C0027497|C0202691|C0075632	Migraine paragraph should retrieve migraine, photophobia, nausea, head CT, and sumatriptan.
paragraph_36	Behavioral health evaluated major depressive disorder with insomnia and suicidal ideation. The patient completed a PHQ-9 questionnaire, started sertraline, and arranged close outpatient follow up.	C1269683|C0917801|C5942421|C1718209|C0074393	Depression paragraph should retrieve major depressive disorder, insomnia, suicidal ideation, PHQ-9, and sertraline.
paragraph_37	A hospitalized patient developed alcohol withdrawal syndrome with tremor, seizure, and hallucinations concerning for delirium tremens. Lorazepam was administered, and thiamine was ordered before glucose-containing fluids.	C0236663|C0040822|C0036572|C0001957|C0024002|C0039840	Alcohol withdrawal paragraph should retrieve alcohol withdrawal, tremor, seizure, delirium tremens, lorazepam, and thiamine.
paragraph_38	Emergency responders found opioid overdose after fentanyl use with coma and respiratory depression. Naloxone improved ventilation, and the patient was monitored for recurrent sedation.	C0579142|C0015846|C0009421|C0235063|C0027358	Opioid overdose paragraph should retrieve opioid overdose, fentanyl, coma, respiratory depression, and naloxone.
paragraph_39	An adolescent with diabetic ketoacidosis had high blood glucose, serum ketones, metabolic acidosis, and low potassium after vomiting. Insulin infusion and potassium replacement were started in the intensive care unit.	C0011880|C0392201|C0202110|C0220981|C0032821|C0021641	DKA paragraph should retrieve diabetic ketoacidosis, blood glucose measurement, ketones, metabolic acidosis, potassium, and insulin.
paragraph_40	Electrocardiogram showed peaked T waves during severe hyperkalemia. Calcium gluconate and sodium zirconium cyclosilicate were given, and nephrology arranged hemodialysis.	C1623258|C0020461|C0006699|C4045824|C0019004	Hyperkalemia paragraph should retrieve electrocardiogram, hyperkalemia, calcium gluconate, sodium zirconium cyclosilicate, and hemodialysis.
paragraph_41	The patient developed hyponatremia from syndrome of inappropriate antidiuretic hormone secretion and then had seizures. Sodium was monitored every four hours, and fluid restriction was ordered.	C0020625|C0021141|C0036572|C0037473|C0204700	Hyponatremia paragraph should retrieve hyponatremia, SIADH, seizures, sodium, and fluid restriction.
paragraph_42	Primary care diagnosed hypothyroidism after fatigue, elevated thyroid stimulating hormone, and low free thyroxine. Levothyroxine was started with repeat TSH testing planned.	C0020676|C0015672|C0202230|C0312452|C0040165	Hypothyroidism paragraph should retrieve hypothyroidism, fatigue, TSH testing, free thyroxine, and levothyroxine.
paragraph_43	After a bee sting, the patient developed anaphylaxis with urticaria, angioedema, and wheezing. Intramuscular epinephrine was administered before transfer to the emergency department.	C0002792|C0042109|C0002994|C0043144|C0014563	Anaphylaxis paragraph should retrieve anaphylaxis, urticaria, angioedema, wheezing, and epinephrine.
paragraph_44	An inpatient with bacterial pneumonia developed sepsis and hypotension. Blood culture was collected, procalcitonin measurement was elevated, and empiric vancomycin plus cefepime were started.	C0004626|C0243026|C0200949|C1535922|C0042313|C0055003	Sepsis pneumonia paragraph should retrieve bacterial pneumonia, sepsis, blood culture, procalcitonin measurement, vancomycin, and cefepime.
paragraph_45	Exam showed lower leg cellulitis with a fluctuant abscess. Ultrasonography confirmed a fluid collection, incision and drainage was performed, and cephalexin was prescribed after discharge.	C0007642|C0000833|C0041618|C0152277|C0007716	Cellulitis paragraph should retrieve cellulitis, abscess, ultrasonography, incision and drainage, and cephalexin without surfacing confirmation-status findings.	C0750484|C0205420
paragraph_46	Surgery evaluated right lower quadrant pain with fever and leukocytosis. Computed tomography of abdomen showed appendicitis, and laparoscopic appendectomy was scheduled.	C0694551|C0750426|C0412620|C0003615|C0003611	Appendicitis paragraph should retrieve right lower quadrant pain, leukocytosis, abdominal CT, appendicitis, and appendectomy.
paragraph_47	A patient had right upper quadrant pain, fever, gallstones, and elevated bilirubin. Ultrasound supported acute cholecystitis, and cholecystectomy was planned.	C0235299|C0008350|C0005437|C0149520|C0008320	Cholecystitis paragraph should retrieve right upper quadrant pain, gallstones, bilirubin, acute cholecystitis, and cholecystectomy.
paragraph_48	Heavy alcohol use preceded acute pancreatitis with severe abdominal pain and elevated lipase. The team diagnosed alcohol use disorder and started aggressive hydration and analgesia.	C0001956|C0001339|C0000737|C0373670	Pancreatitis paragraph should retrieve alcohol use disorder, acute pancreatitis, abdominal pain, and lipase testing.
paragraph_49	Gastroenterology saw gastroesophageal reflux disease with dysphagia despite omeprazole. Endoscopy showed Barrett esophagus, and long-term acid suppression was recommended.	C0017168|C0011168|C0028978|C0014245|C0004763	GERD paragraph should retrieve GERD, dysphagia, omeprazole, endoscopy, and Barrett esophagus.
paragraph_50	A patient with Crohn disease developed diarrhea and perianal fistula. Colonoscopy showed active ileitis, and infliximab infusion was restarted.	C0010346|C0011991|C0016169|C0009378|C0666743	Crohn paragraph should retrieve Crohn disease, diarrhea, fistula, colonoscopy, and infliximab.
paragraph_51	Rheumatology followed systemic lupus erythematosus with new proteinuria. Kidney biopsy confirmed lupus nephritis, and hydroxychloroquine was continued.	C0024141|C0033687|C0194073|C0024143|C0020336	Lupus nephritis paragraph should retrieve SLE, proteinuria, kidney biopsy, lupus nephritis, and hydroxychloroquine.
paragraph_52	The patient had podagra with swollen first metatarsophalangeal joint and elevated uric acid. Colchicine treated the acute gout flare, and allopurinol was restarted later.	C0221168|C0202239|C0009262|C0018099|C0002144	Gout paragraph should retrieve podagra, uric acid testing, colchicine, gout, and allopurinol.
paragraph_53	Dual-energy X-ray absorptiometry showed osteoporosis after a vertebral compression fracture. Alendronate and vitamin D were recommended.	C1510486|C0029456|C0521169|C0102118|C0042866	Osteoporosis paragraph should retrieve DEXA, osteoporosis, compression fracture, alendronate, and vitamin D.
paragraph_54	After a fall, an older adult had femoral neck fracture and delirium. Orthopedics performed open reduction internal fixation for the hip fracture.	C0085639|C0015806|C0011206|C1297885|C0019557	Hip fracture paragraph should retrieve fall, femoral neck fracture, delirium, ORIF, and hip fracture.
paragraph_55	Neurology evaluated Alzheimer disease with progressive memory loss and dementia. The Mini-Mental State Examination score declined, and donepezil was started.	C0002395|C0751295|C0497327|C0451306|C0527316	Alzheimer paragraph should retrieve Alzheimer disease, memory loss, dementia, MMSE, and donepezil.
paragraph_56	Clinic documented Parkinson disease with resting tremor, bradykinesia, and gait disturbance. Levodopa dose was increased because freezing episodes worsened.	C0030567|C0040822|C0233565|C0575081|C0023570	Parkinson paragraph should retrieve Parkinson disease, tremor, bradykinesia, gait disturbance, and levodopa.
paragraph_57	A patient with multiple sclerosis developed optic neuritis and paresthesia. Magnetic resonance imaging showed new demyelinating lesions, and methylprednisolone was given.	C0026769|C0029134|C0030554|C0024485|C0025815	Multiple sclerosis paragraph should retrieve MS, optic neuritis, paresthesia, MRI, and methylprednisolone.
paragraph_58	The HIV infection visit reviewed viral load, CD4 lymphocyte count, and adherence to tenofovir. Low CD4 count raised concern for Pneumocystis jirovecii pneumonia prophylaxis.	C0019693|C0376705|C0243009|C0384228|C1535939	HIV paragraph should retrieve HIV infection, viral load, CD4 lymphocyte count, tenofovir, and Pneumocystis jirovecii pneumonia.	C0030768|C0206488|C1709941|C3846076|C0541653|C0206176|C0730229|C5418818
paragraph_59	A patient with tuberculosis had hemoptysis and an abnormal chest X-ray. Isoniazid and rifampin were started while public health arranged directly observed therapy.	C0041296|C0019079|C0039985|C0022209|C0035608	Tuberculosis paragraph should retrieve tuberculosis, hemoptysis, chest X-ray, isoniazid, and rifampin.
paragraph_60	Polymerase chain reaction confirmed COVID-19 in a patient with hypoxia. Dexamethasone and remdesivir were started because oxygen requirement increased.	C0200931|C5203670|C0242184|C0011777|C4726677	COVID paragraph should retrieve PCR, COVID-19, hypoxia, dexamethasone, and remdesivir.
paragraph_61	During influenza season, the patient developed fever, cough, myalgia, and a positive rapid test. Oseltamivir was prescribed because symptoms began yesterday.	C0021400|C0015967|C0010200|C0231528|C0874161	Influenza paragraph should retrieve influenza, fever, cough, myalgia, and oseltamivir.
paragraph_62	A hiker had tick bite followed by erythema migrans and facial palsy. Lyme disease was diagnosed, and doxycycline was prescribed.	C0241407|C0014740|C0015469|C0024198|C0013090	Lyme paragraph should retrieve tick bite, erythema migrans, facial palsy, Lyme disease, and doxycycline.
paragraph_63	Urethritis testing was positive for gonorrhea and chlamydia infection. Ceftriaxone was administered in clinic, and azithromycin was prescribed for partner treatment.	C0041976|C0018081|C0008149|C0007561|C0052796	STI paragraph should retrieve urethritis, gonorrhea, chlamydia infection, ceftriaxone, and azithromycin.
paragraph_64	Gynecology diagnosed pelvic inflammatory disease after pelvic pain and adnexal tenderness. Doxycycline was started, and ultrasound was ordered to exclude tubo-ovarian abscess.	C0242172|C0030794|C0238594|C0013090|C0041343	PID paragraph should retrieve pelvic inflammatory disease, pelvic pain, adnexal tenderness, doxycycline, and tubo-ovarian abscess.
paragraph_65	Urology evaluated benign prostatic hyperplasia with urinary frequency and high post void residual urine volume. Tamsulosin was started, and prostate-specific antigen testing was reviewed.	C1704272|C0042023|C0429774|C0257343|C0138741	BPH paragraph should retrieve BPH, urinary frequency, residual urine volume, tamsulosin, and PSA.	C0030768|C0206488|C1709941|C3846076|C0541653|C0206176|C0730229|C5418818
paragraph_66	A patient with vaginal bleeding and pelvic pain had rising beta-human chorionic gonadotropin without intrauterine pregnancy on pelvic ultrasound. Ectopic pregnancy was treated with methotrexate.	C0578503|C0030794|C0106132|C0948766|C0032987|C0025677	Ectopic pregnancy paragraph should retrieve vaginal bleeding, pelvic pain, beta-hCG, pelvic ultrasound, ectopic pregnancy, and methotrexate.
paragraph_67	Ophthalmology followed diabetic retinopathy with reduced visual acuity and macular edema. Retinal examination showed neovascularization, and laser photocoagulation was performed.	C0011884|C0042812|C0271051|C3640037|C0441510	Diabetic retinopathy paragraph should retrieve diabetic retinopathy, visual acuity, macular edema, retinal examination, and laser photocoagulation.
paragraph_68	An eye clinic visit found glaucoma with elevated intraocular pressure and optic nerve cupping. Timolol drops were prescribed, and visual field test was scheduled.	C0017601|C0430888|C3805910|C0040233|C0042825	Glaucoma paragraph should retrieve glaucoma, intraocular pressure, optic nerve cupping, timolol, and visual field test.
paragraph_69	The patient had cataract with blurred vision despite new glasses. Phacoemulsification cataract extraction with intraocular lens implantation was performed.	C0086543|C0344232|C0282545|C0007389|C0023311	Cataract paragraph should retrieve cataract, blurred vision, phacoemulsification, cataract extraction, and intraocular lens implantation.
paragraph_70	A child with fever and ear pain had a bulging tympanic membrane. Otitis media was diagnosed, and amoxicillin was prescribed.	C0015967|C0013456|C0041445|C0029882|C0002645	Otitis media paragraph should retrieve fever, ear pain, tympanic membrane, otitis media, and amoxicillin.
paragraph_71	The patient had sinusitis with nasal congestion, rhinorrhea, and facial pain for two weeks. Amoxicillin clavulanate was prescribed after conservative therapy failed.	C0037199|C0027424|C1260880|C0015468|C0054066	Sinusitis paragraph should retrieve sinusitis, nasal congestion, rhinorrhea, facial pain, and amoxicillin-clavulanate.
paragraph_72	Pulmonary hypertension caused progressive dyspnea with tricuspid regurgitation on echocardiography. Right heart catheterization confirmed elevated pressures, and sildenafil was started.	C0020542|C0013404|C0040961|C0189896|C0529793	Pulmonary hypertension paragraph should retrieve pulmonary hypertension, dyspnea, tricuspid regurgitation, right heart catheterization, and sildenafil.
paragraph_73	Echocardiography showed severe aortic valve stenosis in a patient with syncope and systolic murmur. Cardiology recommended aortic valve replacement.	C0013516|C0003507|C0039070|C0232257|C0003506	Aortic stenosis paragraph should retrieve echocardiography, aortic valve stenosis, syncope, systolic murmur, and aortic valve replacement.
paragraph_74	Fever and a new murmur raised concern for endocarditis. Blood culture grew Staphylococcus aureus, transesophageal echocardiography showed vegetation, and vancomycin was started.	C0015967|C0014118|C0200949|C0206054|C1285498|C0042313	Endocarditis paragraph should retrieve fever, endocarditis, blood culture, transesophageal echocardiography, vegetation, and vancomycin.
paragraph_75	Nephrolithiasis caused flank pain and hematuria, and computed tomography showed an obstructing ureteral stone. Tamsulosin was given while urology considered ureteral stent placement.	C0392525|C0016199|C0018965|C0257343|C0183518	Nephrolithiasis paragraph should retrieve nephrolithiasis, flank pain, hematuria, tamsulosin, and ureteral stent.
paragraph_76	Endocrinology evaluated thyroid nodule with normal thyroid stimulating hormone. Thyroid ultrasound showed suspicious features, so fine needle aspiration biopsy was performed.	C0040137|C0202230|C0877525|C1510483	Thyroid nodule paragraph should retrieve thyroid nodule, TSH testing, thyroid ultrasound, and fine needle aspiration biopsy.
paragraph_77	Adrenal insufficiency from Addison disease caused hypotension and hyperkalemia. Stress-dose hydrocortisone was administered before discharge teaching.	C0001623|C0001403|C0020649|C0020461|C0020268	Adrenal insufficiency paragraph should retrieve adrenal insufficiency, Addison disease, hypotension, hyperkalemia, and hydrocortisone.
paragraph_78	Celiac disease caused chronic diarrhea and weight loss with positive tissue transglutaminase antibody. A gluten-free diet improved symptoms.	C0007570|C0011991|C1718999|C0344351	Celiac paragraph should retrieve celiac disease, diarrhea, tissue transglutaminase antibody, and gluten-free diet.
paragraph_79	The patient had vitamin B12 deficiency with paresthesia and elevated methylmalonic acid. Cyanocobalamin injections were started.	C0042847|C0030554|C0025787|C0042845	B12 deficiency paragraph should retrieve vitamin B12 deficiency, paresthesia, methylmalonic acid, and cyanocobalamin.
paragraph_80	Sickle cell anemia caused vaso-occlusive crisis with severe pain. Hydroxyurea was continued after discharge.	C0002895|C0750151|C0030193|C0020402	Sickle cell paragraph should retrieve sickle cell anemia, vaso-occlusive crisis, pain, and hydroxyurea.
paragraph_81	After an intentional acetaminophen overdose, the patient had nausea, rising transaminases, and concern for acute liver failure. Toxicology started acetylcysteine and monitored the acetaminophen level.	C0572025|C0000970|C0162557|C0001047	Toxicology paragraph should retrieve acetaminophen overdose, acetaminophen, acute liver failure, and acetylcysteine.
paragraph_82	A term newborn developed neonatal jaundice with rising bilirubin and hyperbilirubinemia neonatal on the second day of life. Phototherapy was started, and bilirubin measurement was repeated overnight.	C0022353|C0005437|C0857007|C0031765|C0344395	Neonatology paragraph should retrieve neonatal jaundice, bilirubin, neonatal hyperbilirubinemia, phototherapy, and bilirubin measurement.
paragraph_83	A dental abscess caused facial swelling and severe tooth pain. Dentistry performed incision and drainage, and amoxicillin clavulanate was prescribed.	C0518988|C0152277|C0054066	Dental paragraph should retrieve dental abscess, incision and drainage, and amoxicillin clavulanate.
paragraph_84	A scald injury caused a partial thickness second degree burn on the forearm. The wound was dressed with silver sulfadiazine, and tetanus vaccine status was updated.	C0006434|C0332687|C0037134|C0039620	Burn paragraph should retrieve burn injury, second degree burn, silver sulfadiazine, and tetanus vaccine.
paragraph_85	Dermatology evaluated an irregular pigmented lesion, and skin biopsy showed cutaneous melanoma. Sentinel lymph node biopsy was planned before pembrolizumab treatment.	C0151779|C0150866|C0796693|C3658706	Melanoma paragraph should retrieve cutaneous melanoma, skin biopsy, sentinel lymph node biopsy, and pembrolizumab.
paragraph_86	Hematology diagnosed acute myeloid leukemia after pancytopenia and circulating blasts. Bone marrow biopsy was performed, and induction chemotherapy with cytarabine was started.	C0023467|C0005954|C0010711	Hematologic oncology paragraph should retrieve acute myeloid leukemia, bone marrow biopsy, and cytarabine.
paragraph_87	Genetic testing confirmed cystic fibrosis in a child with chronic cough, pancreatic insufficiency, and an abnormal sweat chloride test. Ivacaftor was discussed because the mutation was responsive.	C0010674|C0030293|C0428295|C3264621	Cystic fibrosis paragraph should retrieve cystic fibrosis, pancreatic insufficiency, sweat chloride test, and ivacaftor.
paragraph_88	After delivery, postpartum hemorrhage occurred because of uterine atony. Oxytocin was administered, uterine massage continued, and blood transfusion was prepared.	C0032797|C0042135|C0030095|C0005841	Obstetric hemorrhage paragraph should retrieve postpartum hemorrhage, uterine atony, oxytocin, and blood transfusion.
paragraph_89	Vascular clinic evaluated peripheral arterial disease with exertional calf claudication. Ankle brachial index was abnormal, and cilostazol was prescribed along with smoking cessation counseling.	C1704436|C1328319|C0055729	Vascular paragraph should retrieve peripheral arterial disease, ankle brachial index, and cilostazol.
paragraph_90	Psychiatry treated bipolar disorder after a manic episode with decreased sleep and pressured speech. Lithium was restarted, and valproate was considered if mania persisted.	C0005586|C0023870|C0080356|C0338831	Psychiatry paragraph should retrieve bipolar disorder, lithium, valproate, and mania.
paragraph_91	A toddler with pica had lead poisoning after an elevated blood lead level. Public health inspected the home, and chelation therapy was arranged.	C0023176|C0428256|C0007975	Environmental pediatrics paragraph should retrieve lead poisoning, blood lead level, and chelation therapy.
paragraph_92	Audiology evaluated progressive hearing loss with abnormal audiometry. The patient was referred for cochlear implant assessment after hearing aids provided limited benefit.	C1384666|C0004286|C0009199	Audiology paragraph should retrieve hearing loss, audiometry, and cochlear implant.
paragraph_93	Wound care assessed a sacral pressure ulcer with necrotic tissue and surrounding erythema. Wound debridement was performed, and pressure offloading was reinforced.	C4554531|C0748470|C0191342	Wound care paragraph should retrieve pressure ulcer, sacral ulcer, and wound debridement.
paragraph_94	The ICU team managed acute respiratory distress syndrome with hypoxemia despite mechanical ventilation. Prone positioning improved oxygenation, and low tidal volume ventilation was continued.	C0035222|C0199470|C4551696	Critical care paragraph should retrieve acute respiratory distress syndrome, mechanical ventilation, and prone positioning.
paragraph_95	Hepatology suspected autoimmune hepatitis after elevated transaminases, positive antinuclear antibodies, and positive smooth muscle antibody. Prednisone was started while liver biopsy was reviewed.	C4721555|C0003243|C0369998|C0032952	Autoimmune liver disease paragraph should retrieve autoimmune hepatitis, antinuclear antibodies, smooth muscle antibody, and prednisone.	C0030768|C0206488|C1709941|C3846076|C0541653|C0206176|C0730229|C5418818
paragraph_96	Gynecology evaluated chronic pelvic pain and dysmenorrhea from suspected endometriosis. Diagnostic laparoscopy identified peritoneal implants, and hormonal suppression was discussed.	C0014175|C0013390|C0031150	Gynecology paragraph should retrieve endometriosis, dysmenorrhea, and laparoscopy.
paragraph_97	A kidney transplant recipient developed rising creatinine and donor specific antibodies. Renal biopsy showed acute cellular rejection, tacrolimus trough was low, prednisone pulse was given, and mycophenolate was increased.	C0022671|C0877453|C0194073|C0085149|C0883242|C0032952|C0201975	Transplant paragraph should retrieve kidney transplant, acute cellular rejection, renal biopsy, tacrolimus, mycophenolate, prednisone, and rising creatinine measurement.
paragraph_98	In a kidney transplant recipient with rising BK viral load, biopsy confirmed BK virus nephropathy. Tacrolimus was reduced and leflunomide was considered while renal function was monitored.	C0022671|C1697878|C0085149|C0063041	Transplant infection paragraph should retrieve kidney transplant, BK virus nephropathy, tacrolimus, and leflunomide.
paragraph_99	After induction chemotherapy, the patient developed neutropenic fever with an absolute neutrophil count of 200. Blood cultures were drawn, and cefepime was started empirically.	C0746883|C0948762|C0200949|C0055003	Neutropenic fever paragraph should retrieve neutropenic fever, absolute neutrophil count, blood culture, and cefepime.
paragraph_100	A pregnant patient at 34 weeks had severe range blood pressure, headache, and proteinuria consistent with preeclampsia. Magnesium sulfate and labetalol were given before delivery planning.	C0032914|C0033687|C0024480|C0022860	Obstetric hypertension paragraph should retrieve preeclampsia, proteinuria, magnesium sulfate, and labetalol.
paragraph_101	Blood cultures grew Staphylococcus aureus, and transesophageal echocardiography showed a mitral valve vegetation consistent with infective endocarditis. Vancomycin was continued pending susceptibilities.	C1541923|C0038172|C0206054|C1285498|C0042313	Endocarditis paragraph should retrieve infective endocarditis, Staphylococcus aureus, transesophageal echocardiography, vegetation, and vancomycin.
paragraph_102	Orthopedics aspirated a painful knee arthroplasty. Synovial culture grew Staphylococcus epidermidis consistent with prosthetic joint infection, and vancomycin plus rifampin was started.	C0410808|C0204854|C0038174|C0042313|C0035608	Prosthetic joint infection paragraph should retrieve prosthetic joint infection, joint aspiration, Staphylococcus epidermidis, vancomycin, and rifampin.
paragraph_103	Warfarin clinic noted supratherapeutic INR with epistaxis. Vitamin K was administered, warfarin was held, and repeat INR testing was scheduled.	C4049341|C0525032|C0043031|C0042878|C0014591	Anticoagulation safety paragraph should retrieve supratherapeutic INR, INR, warfarin, vitamin K, and epistaxis.
paragraph_104	A young woman with lupus nephritis had hematuria, proteinuria, low complement C3, and positive double stranded DNA antibody. Mycophenolate and prednisone were started after renal biopsy.	C0024143|C0018965|C0033687|C0009506|C0919679|C0883242|C0032952	Lupus nephritis paragraph should retrieve lupus nephritis, hematuria, proteinuria, complement C3, double stranded DNA antibody, mycophenolate, and prednisone.
paragraph_105	Patient with adrenal crisis had hypotension and hyponatremia. Cortisol was low after cosyntropin stimulation testing, and stress dose hydrocortisone was given.	C0151467|C0020649|C0020625|C0020268	Adrenal crisis paragraph should retrieve adrenal crisis, hypotension, hyponatremia, and cortisol/hydrocortisone.
paragraph_106	Newborn screening was positive for phenylketonuria with elevated phenylalanine. Dietary phenylalanine restriction was started, and sapropterin was discussed with genetics.	C0027617|C0031485|C0031453|C0048897	Metabolic genetics paragraph should retrieve newborn screening, phenylketonuria, phenylalanine, and sapropterin.
paragraph_107	A patient receiving pembrolizumab developed immune-mediated colitis with watery diarrhea. Colonoscopy showed colitis, prednisone was started, and the immune checkpoint inhibitor was held.	C3658706|C4761223|C0011991|C0009378|C0009319|C0032952|C4684977	Immunotherapy toxicity paragraph should retrieve pembrolizumab, immune-mediated colitis, diarrhea, colonoscopy, colitis, prednisone, and immune checkpoint inhibitor.
paragraph_108	Pulmonology evaluated sarcoidosis after chest imaging showed hilar lymphadenopathy. Bronchoscopy with biopsy found noncaseating granulomas, and prednisone was prescribed for worsening cough.	C0036202|C0456973|C0006290|C0032952|C0010200	Sarcoidosis paragraph should retrieve sarcoidosis, hilar lymphadenopathy, bronchoscopy, prednisone, and cough.
paragraph_109	Primary hyperparathyroidism caused hypercalcemia and recurrent nephrolithiasis. Parathyroid hormone was elevated, and endocrine surgery planned parathyroidectomy.	C0221002|C0020437|C0392525|C0030520|C0079989	Endocrine surgery paragraph should retrieve primary hyperparathyroidism, hypercalcemia, nephrolithiasis, parathyroid hormone, and parathyroidectomy.
paragraph_110	A premature newborn had neonatal respiratory distress with grunting and low oxygen saturation. Chest radiograph supported respiratory distress syndrome, surfactant was given, and continuous positive airway pressure was continued.	C4281993|C0035220|C0038891|C0199451|C3842377|C0523807	Neonatal respiratory paragraph should retrieve neonatal respiratory distress, respiratory distress syndrome, surfactant, CPAP, chest radiograph, and oxygen saturation measurement.
paragraph_111	Gestational diabetes was diagnosed after an abnormal oral glucose tolerance test. Insulin was started because fasting glucose remained high, and obstetrics monitored for fetal macrosomia.	C0085207|C0029161|C0021641|C0158915|C0392201	Pregnancy diabetes paragraph should retrieve gestational diabetes, oral glucose tolerance test, insulin, macrosomia, and glucose measurement.
paragraph_112	Addiction medicine treated opioid use disorder after fentanyl use and withdrawal symptoms. Buprenorphine naloxone was initiated after a urine drug screen confirmed fentanyl exposure.	C4324621|C0015846|C2825032|C0006405|C0027358|C0202274	Addiction medicine paragraph should retrieve opioid use disorder, fentanyl, withdrawal, buprenorphine, naloxone, and urine drug screen.
paragraph_113	Nephrology suspected ANCA-associated vasculitis after hematuria, rising creatinine, and glomerulonephritis on renal biopsy. Rituximab and high dose steroids were started.	C2717865|C0018965|C0201975|C0017658|C0393022	Renal vasculitis paragraph should retrieve ANCA-associated vasculitis, hematuria, creatinine measurement, glomerulonephritis, and rituximab.
paragraph_114	Prostate cancer follow up showed rising prostate-specific antigen with new bone metastases. Leuprolide was started as androgen deprivation therapy before radiation oncology consultation.	C0376358|C0138741|C0153690|C0085272|C0279492	Prostate oncology paragraph should retrieve prostate cancer, PSA, bone metastases, leuprolide, and androgen deprivation therapy.
paragraph_115	Rheumatology diagnosed ankylosing spondylitis in a young man with inflammatory back pain, sacroiliitis, positive HLA-B27, and recurrent uveitis. Adalimumab was prescribed after NSAIDs failed.	C0038013|C0574960|C0019740|C0042164|C1122087	Spondyloarthritis paragraph should retrieve ankylosing spondylitis, sacroiliitis, HLA-B27, uveitis, and adalimumab.
paragraph_116	Pulmonary clinic followed interstitial lung disease with progressive pulmonary fibrosis, honeycombing on computed tomography, and reduced diffusing capacity. Pirfenidone was started while oxygen need was reassessed.	C0206062|C0034069|C0241984|C1280474|C0298067	Interstitial lung disease paragraph should retrieve ILD, pulmonary fibrosis, honeycombing, diffusing capacity, and pirfenidone.
paragraph_117	Search: tearing chest pain radiating to the back, CTA shows aortic dissection. Emergency team started esmolol and nicardipine while cardiothoracic surgery evaluated for repair.	C0340643|C1536105|C0008031|C0116569|C0028005|C2242990	Aortic dissection search paragraph should retrieve aortic dissection, CTA, chest pain, esmolol, nicardipine, and cardiothoracic surgery.
paragraph_118	Search: ruptured abdominal aortic aneurysm with hypotension. Vascular surgery prepared endovascular aneurysm repair after computed tomography showed aortic aneurysm rupture.	C0265012|C0020649|C4763880	Ruptured AAA paragraph should retrieve the specific ruptured abdominal aortic aneurysm concept, hypotension, and EVAR; broader abdominal aortic aneurysm and aortic aneurysm rupture are acceptable alternatives but should not outrank the specific concept.
paragraph_119	Search: acute limb ischemia with cold foot and absent pulses. Angiography was ordered, heparin was started, and vascular surgery planned thrombectomy.	C4049535|C0002978|C0019134|C0162578|C0042381	Acute limb ischemia paragraph should retrieve acute limb ischemia, angiography, heparin, thrombectomy, and vascular surgery.
paragraph_120	Search: family history of breast cancer and family history of ovarian cancer. Genetic counseling ordered BRCA1 and BRCA2 testing, and risk reducing mastectomy plus salpingo-oophorectomy were discussed.	C0559119|C0490017|C0017382|C0376571|C0598034|C0024881|C0036132	Family history and inherited cancer risk paragraph should retrieve family history, genetic counseling, BRCA genes, and risk-reducing procedures.
paragraph_121	Search: missed insulin because of cost and transportation barriers, now diabetic ketoacidosis. The patient reported homelessness and food insecurity, and case management addressed medication nonadherence.	C0011880|C0021641|C0237154|C3494174|C1948143|C0085971|C0746935	Social determinants paragraph should retrieve DKA, insulin, homelessness, food insecurity, transportation barrier, case management, and medication nonadherence.
paragraph_122	Search: anorexia nervosa with hypokalemia and prolonged QT interval. Refeeding syndrome risk prompted thiamine and phosphorus measurement during nutrition restart.	C0003125|C0020621|C0151878|C0860549|C0039840|C0202178	Eating disorder paragraph should retrieve anorexia nervosa, hypokalemia, prolonged QT, refeeding syndrome, thiamine, and phosphorus measurement.
paragraph_123	Search: metastatic lung cancer with worsening dyspnea, hospice referral, and goals of care discussion. The patient chose do not resuscitate status, and morphine was prescribed for comfort.	C0153676|C0013404|C0085555|C2930505|C0582114|C0026549	Palliative care paragraph should retrieve metastatic lung cancer, dyspnea, hospice, goals of care, DNR, and morphine.
paragraph_124	Search: schizophrenia with auditory hallucinations after stopping risperidone. Psychiatry restarted risperidone and ordered hemoglobin A1c plus lipid panel for metabolic monitoring while watching for extrapyramidal symptoms.	C0036341|C0233762|C0073393|C0019018|C0200382|C0420187|C0234133	Psychiatry paragraph should retrieve schizophrenia, auditory hallucinations, risperidone, A1c, lipid panel, metabolic monitoring, and extrapyramidal symptoms.
paragraph_125	Search: CYP2C19 poor metabolizer on clopidogrel after percutaneous coronary intervention. Cardiology switched to ticagrelor because the pharmacogenomic result suggested poor clopidogrel response.	C1332828|C3845231|C0070166|C1532338|C1999375	Pharmacogenomics paragraph should retrieve CYP2C19, poor metabolizer, clopidogrel, PCI, and ticagrelor.
paragraph_126	Search: HIV patient needs abacavir but has positive HLA-B*5701 screening. The team avoided abacavir because of hypersensitivity reaction risk.	C0019693|C0663655|C0020517	Abacavir pharmacogenomics paragraph should retrieve HIV infection, abacavir, and hypersensitivity reaction while preserving HLA-B*5701 language.
paragraph_127	Search: pacemaker pocket infection with pacemaker lead vegetation on transesophageal echocardiography. Vancomycin was started and device removal was planned.	C0349645|C1283151|C0206054|C0042313|C0752250	Pacemaker infection paragraph should retrieve infected pacemaker, pacemaker lead, TEE, vancomycin, and device removal.
paragraph_128	Search: ventriculoperitoneal shunt malfunction with headache and vomiting in a child with hydrocephalus. Computed tomography of head was ordered and neurosurgery was consulted.	C1096406|C0018681|C0042963|C0020255|C0202691|C0524850	VP shunt paragraph should retrieve VP shunt malfunction, headache, vomiting, hydrocephalus, head CT, and neurosurgery.
paragraph_129	Search: ESBL Escherichia coli urinary tract infection. Antimicrobial susceptibility test showed resistance to ceftriaxone, so ertapenem was used and nitrofurantoin was considered for stepdown.	C1444097|C0042029|C0201179|C1120106|C0028156	Resistant UTI paragraph should retrieve ESBL E. coli, UTI, susceptibility test, ertapenem, and nitrofurantoin.
paragraph_130	Search: vancomycin resistant Enterococcus faecium bacteremia from a central line. Blood culture was positive, and linezolid or daptomycin therapy was discussed.	C1265175|C0085495|C0004610|C0200949|C0663241|C0057144	VRE bacteremia paragraph should retrieve VRE, Enterococcus faecium, bacteremia, blood culture, linezolid, and daptomycin.
paragraph_131	Search: preventive care due for breast cancer screening and cervical cancer screening. Mammography, Pap smear, human papillomavirus test, and colonoscopy were reviewed.	C0281182|C0281187|C0024671|C0079104|C1654909|C0009378	Screening paragraph should retrieve breast/cervical cancer screening, mammography, Pap smear, HPV test, and colonoscopy.	C0030768|C0206488|C1709941|C3846076|C0541653|C0206176|C0730229|C5418818
paragraph_132	Search: frailty with recurrent falls and trouble with activities of daily living. Physical therapy recommended a walker device and discharge planning considered skilled nursing facility placement.	C0424594|C0085639|C2242847|C0949766|C0043016|C0012622	Frailty paragraph should retrieve frailty, falls, ADLs, physical therapy, walker device, and discharge planning.
paragraph_133	Search: domestic violence disclosure with depression and unsafe housing. Clinic documented intimate partner violence, safety planning, and social work referral.	C0206073|C0011570	Domestic violence paragraph should retrieve domestic violence and depression while testing social-risk language.
paragraph_134	Status migrainosus is one of the recognized complications of migraine with or without aura, defined as a persistent debilitating migraine attack lasting for more than 72 hours with little reprieve, leading to functional disability. Treatment options include subcutaneous sumatriptan, parenteral dopamine receptor antagonists, nonsteroidal anti-inflammatories, acetaminophen, magnesium sulfate, dihydroergotamine, antiepileptics, corticosteroids, and anesthetic agents.	C0338489|C0154723|C0338480|C0075632|C0242702|C0003211|C0000970|C0024480|C0012291	Status migrainosus paragraph should retrieve status migrainosus, migraine with aura, migraine without aura, sumatriptan, dopamine receptor antagonists, NSAIDs, acetaminophen, magnesium sulfate, and dihydroergotamine from long prose.
paragraph_135	Search: pleuritic chest pain and dyspnea after long flight. CT angiography showed pulmonary embolism and leg ultrasound found deep vein thrombosis, so apixaban was started.	C0034065|C0013404|C1536105|C0149871|C1831808	Pulmonary embolism search paragraph should retrieve pulmonary embolism, dyspnea, CT angiography, DVT, and apixaban.
paragraph_136	Search: acute ischemic stroke with aphasia and right facial droop. CT angiography showed large vessel occlusion, tenecteplase was given, and mechanical thrombectomy was planned.	C0948008|C0003537|C1536105|C0872913|C4534538	Stroke search paragraph should retrieve ischemic stroke, aphasia, CT angiography, tenecteplase, and mechanical thrombectomy.
paragraph_137	Search: asthma exacerbation with wheezing, shortness of breath, and low oxygen saturation. Nebulized albuterol and prednisone were given while pulse oximetry was monitored.	C0349790|C0043144|C0013404|C0523807|C0001927|C0032952|C0034108	Asthma exacerbation paragraph should retrieve asthma exacerbation, wheezing, dyspnea, oxygen saturation, albuterol, prednisone, and pulse oximetry.
paragraph_138	Search: postpartum hemorrhage after delivery from uterine atony. Oxytocin was administered and blood transfusion was prepared because hemoglobin dropped.	C0032797|C0042135|C0030095|C0005841|C0019046	Postpartum hemorrhage paragraph should retrieve postpartum hemorrhage, uterine atony, oxytocin, blood transfusion, and hemoglobin measurement.
paragraph_139	Search: child with fever, otalgia, and bulging tympanic membrane. Acute otitis media was diagnosed, and amoxicillin was prescribed.	C0015967|C0013456|C0041445|C0271429|C0002645	Acute otitis media search paragraph should retrieve fever, ear pain, tympanic membrane, acute otitis media, and amoxicillin.
paragraph_140	Search: acute kidney injury with hyperkalemia after lisinopril dose increase. Electrocardiogram showed peaked T waves, sodium zirconium cyclosilicate was given, and nephrology held lisinopril.	C2609414|C0020461|C0065374|C1623258|C4045824	AKI hyperkalemia search paragraph should retrieve acute kidney injury, hyperkalemia, lisinopril, electrocardiogram/T-wave finding, and sodium zirconium cyclosilicate.
paragraph_141	He reports watery diarrhea after recent antibiotic use.	C0578159|C0011991|C0003232	Antibiotic-associated watery diarrhea should retrieve antibiotic-associated diarrhea, diarrhea, and antibiotics without oncology drug classes or unrelated surgery recovery concepts.	C0003392|C0362063|C5197734
paragraph_142	A review article summarized status migrainosus as a persistent migraine attack lasting more than 72 hours and discussed treatment with subcutaneous sumatriptan, nonsteroidal anti-inflammatory drugs, acetaminophen, magnesium sulfate, and dihydroergotamine.	C0338489|C0075632|C0003211|C0000970|C0024480|C0012291	Review-article wording should retrieve the migraine condition and treatments without treating the word review as peer-review metadata.	C0030768|C0206488|C1709941|C3846076|C0541653|C0206176|C0730229|C5418818
paragraph_143	Medication reconciliation reviewed diabetes mellitus, hypertension, warfarin, insulin, and lisinopril before discharge.	C0011849|C0020538|C0043031|C0021641|C0065374	Medication-review wording should retrieve the actual conditions and drugs without returning peer-review or chart-review administrative concepts.	C0030768|C0206488|C1709941|C3846076|C0541653|C0206176|C0730229|C5418818
paragraph_144	Anticoagulation clinic reviewed supratherapeutic INR with epistaxis after warfarin dose changes, administered vitamin K, and scheduled repeat INR testing.	C4049341|C0525032|C0043031|C0042878|C0014591	Anticoagulation review wording should retrieve INR, warfarin, vitamin K, and epistaxis without administrative review concepts.	C0030768|C0206488|C1709941|C3846076|C0541653|C0206176|C0730229|C5418818
paragraph_145	After recent antibiotic use, stool testing was ordered for watery diarrhea and antibiotic-associated diarrhea; oral vancomycin was considered if Clostridioides difficile was confirmed.	C0578159|C0011991|C0003232|C0042313|C0343386	Antibiotic-associated diarrhea wording should retrieve C. difficile infection when explicitly named and avoid broad oncology drug classes, broad bacteria, and confirmation-status findings.	C0003392|C0004611|C0750484|C0205420|C0439093
paragraph_146	Blood culture grew methicillin resistant Staphylococcus aureus in a patient with sepsis and hypotension, so vancomycin was started while source control was planned.	C1265292|C0343401|C0200949|C0243026|C0020649|C0042313	MRSA sepsis wording should retrieve MRSA/MRSA infection, blood culture, sepsis, hypotension, and vancomycin without returning broad bacteria or ordinary source/control fragments.	C0004611|C0449416|C0308718|C3274648|C0243148
paragraph_147	Chart review described chronic obstructive pulmonary disease exacerbation with dyspnea after a viral illness; prednisone and azithromycin were prescribed while oxygen saturation was monitored.	C0024117|C0740304|C0013404|C0032952|C0052796|C0523807	COPD chart-review wording should retrieve COPD, COPD exacerbation, dyspnea, prednisone, azithromycin, and oxygen saturation without peer-review or chart-device artifacts.	C0030768|C0206488|C1709941|C3846076|C0541653|C0206176|C0730229|C5418818|C0007963
paragraph_148	Ultrasonography confirmed lower leg cellulitis with a fluctuant abscess; incision and drainage was performed and cephalexin was prescribed.	C0007642|C0000833|C0041618|C0152277|C0007716	Cellulitis-confirmed wording should retrieve the infection, abscess, ultrasound, drainage, and cephalexin without confirmation-status findings.	C0750484|C0205420
paragraph_149	During admission for acute decompensated heart failure with reduced ejection fraction, the patient developed rising creatinine after intravenous furosemide and contrast CT angiography performed for suspected pulmonary embolism. Brain natriuretic peptide was elevated, echocardiography showed an ejection fraction near 25 percent, and renal ultrasound showed no hydronephrosis. Lisinopril was held while spironolactone and empagliflozin were discussed for guideline-directed therapy after acute kidney injury improved.	C0018801|C3839346|C2609414|C0034065|C0016860|C0065374|C0037982|C3490348	Long cardiology/nephrology paragraph should retrieve HFrEF, AKI, PE, furosemide, lisinopril, spironolactone, and empagliflozin without overfocusing on broad imaging terms.
paragraph_150	Pathology from a lung biopsy showed non small cell lung adenocarcinoma with an EGFR exon 19 deletion, high PD-L1 expression, and no ALK rearrangement. Staging MRI demonstrated small brain metastases, but the patient had no seizures or focal neurologic deficit. Oncology started osimertinib instead of platinum chemotherapy and planned surveillance imaging to assess progression free survival.	C0007131|C1414313|C4058811|C0220650|C0242792|C0032207|C0189485	Long oncology paragraph should retrieve NSCLC, EGFR, osimertinib, brain metastases, progression-free survival, platinum chemotherapy, and lung biopsy while respecting negated seizure/deficit.
paragraph_151	After recent clindamycin and ceftriaxone exposure for cellulitis, the patient reported ten watery stools daily with cramping abdominal pain, leukocytosis, and a rising creatinine. Stool nucleic acid testing was positive for Clostridioides difficile toxin gene, while ova and parasite testing was negative. The team diagnosed antibiotic associated diarrhea from C. difficile infection, started oral vancomycin, and avoided loperamide because ileus and toxic megacolon were concerns.	C0578159|C0011991|C0343386|C0042313|C0007642|C0007561|C0201975	Long infectious diarrhea paragraph should retrieve antibiotic-associated diarrhea, diarrhea, C. difficile infection, vancomycin, cellulitis, ceftriaxone, and creatinine while avoiding broad oncology drug classes and broad bacteria.	C0003392|C0004611
paragraph_152	A pregnant patient with systemic lupus erythematosus and prior lupus nephritis presented at 31 weeks with severe range blood pressure, headache, edema, and worsening proteinuria. Complement C3 was low and double stranded DNA antibody was positive, raising concern for a lupus flare, but thrombocytopenia and elevated liver enzymes favored preeclampsia with severe features. Magnesium sulfate and labetalol were started while nephrology and obstetrics debated renal biopsy versus delivery.	C0024141|C0024143|C0032914|C0033687|C0024480|C0022860|C0009506|C0919679	Long obstetric rheumatology paragraph should retrieve SLE, lupus nephritis, preeclampsia, proteinuria, magnesium sulfate, labetalol, complement C3, and double stranded DNA antibody.
paragraph_153	A patient with acute ischemic stroke arrived with acute aphasia, right facial droop, neglect, and left gaze preference after being found down at home. Noncontrast head CT showed no hemorrhage, CT angiography showed a left middle cerebral artery large vessel occlusion, and CT perfusion demonstrated salvageable penumbra. Tenecteplase was administered before mechanical thrombectomy, and later telemetry revealed atrial fibrillation requiring anticoagulation with apixaban.	C0948008|C0003537|C1536105|C0872913|C4534538|C0004238|C1831808|C0427055	Long stroke paragraph should retrieve ischemic stroke, aphasia, CTA, tenecteplase, mechanical thrombectomy, atrial fibrillation, apixaban, and facial droop while respecting no hemorrhage.
paragraph_154	The ICU team treated COVID-19 pneumonia complicated by acute respiratory distress syndrome, septic shock, and acute kidney injury. The patient required low tidal volume mechanical ventilation, prone positioning, norepinephrine, lactate monitoring, and broad spectrum antibiotics while blood cultures were pending. When cultures grew methicillin resistant Staphylococcus aureus, vancomycin was continued and remdesivir was stopped after liver transaminases increased.	C5203670|C0035222|C0036983|C2609414|C0199470|C4551696|C0028351|C0202115|C1265292|C0042313|C4726677	Long ICU paragraph should retrieve COVID-19, ARDS, septic shock, AKI, ventilation, prone positioning, norepinephrine, lactate, MRSA, vancomycin, and remdesivir.
paragraph_155	After percutaneous coronary intervention with drug eluting stent placement, pharmacogenomic testing showed the patient was a CYP2C19 poor metabolizer with reduced clopidogrel activation. Cardiology switched from clopidogrel to ticagrelor, while infectious disease separately reviewed HIV therapy and avoided abacavir because HLA-B*5701 screening showed hypersensitivity reaction risk. The note emphasized that the pharmacogenomic findings predicted drug response rather than a new diagnosis.	C1532338|C1332828|C3845231|C0070166|C1999375|C0019693|C0663655|C0020517	Long pharmacogenomics paragraph should retrieve PCI, CYP2C19, poor metabolizer, clopidogrel, ticagrelor, HIV, abacavir, and hypersensitivity risk without treating pharmacogenomic result as a disease.
paragraph_156	In a randomized placebo controlled trial of adults with type 2 diabetes and chronic kidney disease, semaglutide reduced hemoglobin A1c and body weight while investigators monitored albuminuria, estimated glomerular filtration rate, nausea, and severe hypoglycemia as safety outcomes.	C3885068|C0019018|C1561643|C0011860|C4523945	Diabetes kidney outcomes trial wording should retrieve semaglutide, A1c, CKD, type 2 diabetes, and severe hypoglycemia without over-returning generic outcome/status concepts.	C0683954|C1547299|C0012634|C0332147
paragraph_157	A multicenter cohort study of Crohn disease used colonoscopy, fecal calprotectin, and magnetic resonance enterography to classify active ileitis and perianal fistula before comparing infliximab dose escalation with usual care.	C0010346|C0009378|C0016169|C0666743	Crohn cohort-method wording should retrieve Crohn disease, colonoscopy, perianal fistula, and infliximab without mistaking cohort-study language for a finding.	C0035820|C0009247|C0332147
paragraph_158	A systematic review of immune checkpoint inhibitor toxicity found that pembrolizumab and nivolumab were associated with immune mediated colitis, watery diarrhea, and corticosteroid treatment; colonoscopy was commonly used to confirm colitis severity.	C3658706|C4684977|C4761223|C0011991|C0001617|C0009378|C0009319	Immunotherapy systematic-review wording should retrieve checkpoint inhibitor therapy, pembrolizumab, immune-mediated colitis, diarrhea, corticosteroids, colonoscopy, and colitis without peer-review artifacts.	C0030768|C0206488|C1709941|C3846076|C0541653|C0206176|C0730229|C5418818
paragraph_159	A pharmacogenomics manuscript reported that CYP2C19 loss of function alleles and poor metabolizer status predicted reduced clopidogrel activation after percutaneous coronary intervention; switching to ticagrelor reduced recurrent ischemic events in the high risk subgroup.	C1332828|C3845231|C0070166|C1999375|C1532338|NEW8955984	Pharmacogenomics manuscript wording should retrieve CYP2C19, poor metabolizer status, clopidogrel, ticagrelor, PCI, and recurrent ischemia without treating the genotype as a disease diagnosis.	C0332147|C0683954
paragraph_160	A narrative review described status migrainosus as a disabling migraine attack lasting longer than 72 hours and summarized acute treatment with subcutaneous sumatriptan, nonsteroidal anti inflammatory drugs, acetaminophen, magnesium sulfate, corticosteroids, and dihydroergotamine.	C0338489|C0149931|C0075632|C0003211|C0000970|C0024480|C0012291	Migraine review wording should retrieve status migrainosus, migraine, and acute therapies without returning peer-review administrative concepts.	C0030768|C0206488|C1709941|C3846076|C0541653|C0206176|C0730229|C5418818
paragraph_161	A phase 3 oncology abstract enrolled patients with EGFR mutated non small cell lung cancer and untreated brain metastases. Osimertinib improved progression free survival compared with platinum chemotherapy, while subgroup analyses reported benefit in participants with exon 19 deletion and no baseline seizures.	C0007131|C1414313|C4058811|C0220650|C0242792|C0032207	Oncology abstract wording should retrieve NSCLC, EGFR, osimertinib, brain metastases, progression-free survival, and platinum chemotherapy while respecting negated seizures.	C0036572|C0332147
